{
  "formatVersion": 1,
  "database": {
    "version": 1,
    "identityHash": "147f10ff586389f6c9006639219be456",
    "entities": [
      {
        "tableName": "Post",
        "createSql": "CREATE TABLE IF NOT EXISTS `${TABLE_NAME}` (`id` INTEGER PRIMARY KEY AUTOINCREMENT NOT NULL, `user_id` INTEGER NOT NULL, `timestamp` INTEGER NOT NULL, `text` TEXT NOT NULL, `signature` TEXT)",
        "fields": [
          {
            "fieldPath": "id",
            "columnName": "id",
            "affinity": "INTEGER",
            "notNull": true
          },
          {
            "fieldPath": "user_id",
            "columnName": "user_id",
            "affinity": "INTEGER",
            "notNull": true
          },
          {
            "fieldPath": "timestamp",
            "columnName": "timestamp",
            "affinity": "INTEGER",
            "notNull": true
          },
          {
            "fieldPath": "text",
            "columnName": "text",
            "affinity": "TEXT",
            "notNull": true
          },
          {
            "fieldPath": "signature",
            "columnName": "signature",
            "affinity": "TEXT",
            "notNull": false
          }
        ],
        "primaryKey": {
          "columnNames": [
            "id"
          ],
          "autoGenerate": true
        },
        "indices": [],
        "foreignKeys": []
      },
      {
        "tableName": "PostFile",
        "createSql": "CREATE TABLE IF NOT EXISTS `${TABLE_NAME}` (`id` INTEGER PRIMARY KEY AUTOINCREMENT NOT NULL, `post_id` INTEGER NOT NULL, `mimeType` TEXT NOT NULL, `cid` TEXT NOT NULL, `signature` TEXT NOT NULL, FOREIGN KEY(`post_id`) REFERENCES `Post`(`id`) ON UPDATE NO ACTION ON DELETE NO ACTION )",
        "fields": [
          {
            "fieldPath": "id",
            "columnName": "id",
            "affinity": "INTEGER",
            "notNull": true
          },
          {
            "fieldPath": "post_id",
            "columnName": "post_id",
            "affinity": "INTEGER",
            "notNull": true
          },
          {
            "fieldPath": "mimeType",
            "columnName": "mimeType",
            "affinity": "TEXT",
            "notNull": true
          },
          {
            "fieldPath": "cid",
            "columnName": "cid",
            "affinity": "TEXT",
            "notNull": true
          },
          {
            "fieldPath": "signature",
            "columnName": "signature",
            "affinity": "TEXT",
            "notNull": true
          }
        ],
        "primaryKey": {
          "columnNames": [
            "id"
          ],
          "autoGenerate": true
        },
        "indices": [],
        "foreignKeys": [
          {
            "table": "Post",
            "onDelete": "NO ACTION",
            "onUpdate": "NO ACTION",
            "columns": [
              "post_id"
            ],
            "referencedColumns": [
              "id"
            ]
          }
        ]
      },
      {
        "tableName": "User",
        "createSql": "CREATE TABLE IF NOT EXISTS `${TABLE_NAME}` (`id` INTEGER PRIMARY KEY AUTOINCREMENT NOT NULL, `uid` TEXT NOT NULL, `name` TEXT NOT NULL, `profilePicCid` TEXT NOT NULL)",
        "fields": [
          {
            "fieldPath": "id",
            "columnName": "id",
            "affinity": "INTEGER",
            "notNull": true
          },
          {
            "fieldPath": "uid",
            "columnName": "uid",
            "affinity": "TEXT",
            "notNull": true
          },
          {
            "fieldPath": "name",
            "columnName": "name",
            "affinity": "TEXT",
            "notNull": true
          },
          {
            "fieldPath": "profilePicCid",
            "columnName": "profilePicCid",
            "affinity": "TEXT",
            "notNull": true
          }
        ],
        "primaryKey": {
          "columnNames": [
            "id"
          ],
          "autoGenerate": true
        },
        "indices": [
          {
            "name": "index_User_uid",
            "unique": true,
            "columnNames": [
              "uid"
            ],
            "createSql": "CREATE UNIQUE INDEX IF NOT EXISTS `index_User_uid` ON `${TABLE_NAME}` (`uid`)"
          }
        ],
        "foreignKeys": []
      }
    ],
    "views": [],
    "setupQueries": [
      "CREATE TABLE IF NOT EXISTS room_master_table (id INTEGER PRIMARY KEY,identity_hash TEXT)",
      "INSERT OR REPLACE INTO room_master_table (id,identity_hash) VALUES(42, '147f10ff586389f6c9006639219be456')"
    ]
  }
}